{"cameraMode":{"drawMode":0,"name":"Shaded","section":"Shading Mode"},"sceneLighting":false,"audioPlay":false,"sceneViewState":{"m_AlwaysRefresh":false,"showFog":true,"showSkybox":false,"showFlares":true,"showImageEffects":true,"showParticleSystems":true,"showVisualEffectGraphs":true,"m_FxEnabled":true},"in2DMode":false,"pivot":{"x":14.640000343322754,"y":2.0199999809265138,"z":27.059999465942384},"rotation":{"x":-0.29571491479873659,"y":0.09693365544080734,"z":-0.030177325010299684,"w":-0.9498725533485413},"size":1.8788299560546876,"orthographic":false}