{"cameraMode":{"drawMode":0,"name":"Shaded","section":"Shading Mode"},"sceneLighting":false,"audioPlay":false,"sceneViewState":{"m_AlwaysRefresh":false,"showFog":false,"showSkybox":false,"showFlares":false,"showImageEffects":false,"showParticleSystems":false,"showVisualEffectGraphs":true,"m_FxEnabled":true},"in2DMode":false,"pivot":{"x":0.0712241679430008,"y":0.9424476623535156,"z":0.02907422184944153},"rotation":{"x":-0.1618916243314743,"y":0.006806166842579842,"z":-0.0011160025605931879,"w":-0.9867920875549316},"size":1.2165404558181763,"orthographic":false}