{"cameraMode":{"drawMode":0,"name":"Shaded","section":"Shading Mode"},"sceneLighting":false,"audioPlay":false,"sceneViewState":{"m_AlwaysRefresh":false,"showFog":true,"showSkybox":false,"showFlares":true,"showImageEffects":true,"showParticleSystems":true,"showVisualEffectGraphs":true,"m_FxEnabled":true},"in2DMode":false,"pivot":{"x":0.1274271011352539,"y":10.489967346191407,"z":1.1523380279541016},"rotation":{"x":-0.39183610677719118,"y":-0.06863079965114594,"z":0.029328934848308564,"w":-0.9170237183570862},"size":11.272900581359864,"orthographic":false}