{"cameraMode":{"drawMode":0,"name":"Shaded","section":"Shading Mode"},"sceneLighting":true,"audioPlay":false,"sceneViewState":{"m_AlwaysRefresh":false,"showFog":true,"showSkybox":true,"showFlares":true,"showImageEffects":true,"showParticleSystems":true,"showVisualEffectGraphs":true,"m_FxEnabled":true},"in2DMode":false,"pivot":{"x":49.1607780456543,"y":5.290098667144775,"z":1.5432205200195313},"rotation":{"x":-0.4148508906364441,"y":-0.012011544778943062,"z":0.0054806810803711418,"w":-0.9098148345947266},"size":3.6378958225250246,"orthographic":false}