{"cameraMode":{"drawMode":0,"name":"Shaded","section":"Shading Mode"},"sceneLighting":false,"audioPlay":false,"sceneViewState":{"m_AlwaysRefresh":false,"showFog":true,"showSkybox":false,"showFlares":true,"showImageEffects":true,"showParticleSystems":true,"showVisualEffectGraphs":true,"m_FxEnabled":true},"in2DMode":false,"pivot":{"x":1.0834678411483765,"y":-0.30302584171295168,"z":0.3304397165775299},"rotation":{"x":-0.04804908484220505,"y":0.9449401497840881,"z":-0.1620202660560608,"w":-0.2802327275276184},"size":1.5208505392074586,"orthographic":false}